<?xml version="1.0" encoding="UTF-8"?>
<project-private xmlns="http://www.netbeans.org/ns/project-private/1">
    <editor-bookmarks xmlns="http://www.netbeans.org/ns/editor-bookmarks/2" lastBookmarkId="0"/>
    <open-files xmlns="http://www.netbeans.org/ns/projectui-open-files/2">
        <group>
            <file>file:/C:/xampp/htdocs/AnotaGols/view/minhas-informacoes.php</file>
            <file>file:/C:/xampp/htdocs/AnotaGols/view/pagina-principal.php</file>
            <file>file:/C:/xampp/htdocs/AnotaGols/css/index.css</file>
            <file>file:/C:/xampp/htdocs/AnotaGols/view/artilharia.php</file>
            <file>file:/C:/xampp/htdocs/AnotaGols/index.php</file>
            <file>file:/C:/xampp/htdocs/AnotaGols/view/criar-artilharia.php</file>
            <file>file:/C:/xampp/htdocs/AnotaGols/css/artilharia.css</file>
        </group>
    </open-files>
</project-private>
